Number of tests,Onwards transmission,Percentage of tests that are positive
1.0,5.65853375,0.005
2.0,5.65477125,0.005
3.0,5.65100875,0.005
4.0,5.647246250000001,0.005
5.0,5.64348375,0.005
6.0,5.63972125,0.005
7.0,5.6359587499999995,0.005
8.0,5.632196250000001,0.005
9.0,5.628433750000001,0.005
10.0,5.6246712500000005,0.005
11.0,5.62090875,0.005
12.0,5.617146249999999,0.005
13.0,5.613383750000001,0.005
14.0,5.609621250000001,0.005
15.0,5.60585875,0.005
16.0,5.60209625,0.005
17.0,5.598333750000001,0.005
18.0,5.59457125,0.005
19.0,5.590808750000001,0.005
20.0,5.58704625,0.005
21.0,5.58328375,0.005
22.0,5.579521250000001,0.005
23.0,5.575758749999999,0.005
24.0,5.571996250000001,0.005
25.0,5.56823375,0.005
26.0,5.5644712499999995,0.005
27.0,5.560708750000001,0.005
28.0,5.556946249999999,0.005
29.0,5.5531837500000005,0.004999999999999999
30.0,5.54942125,0.005
31.0,5.54565875,0.005
32.0,5.541896250000001,0.005
33.0,5.538133749999999,0.005
34.0,5.53437125,0.005
35.0,5.53060875,0.005
36.0,5.52684625,0.005
37.0,5.5230837500000005,0.005
38.0,5.51932125,0.005
39.0,5.51555875,0.005
40.0,5.51179625,0.005
41.0,5.50803375,0.005
42.0,5.50427125,0.005
43.0,5.50050875,0.005
44.0,5.49674625,0.005
45.0,5.492983750000001,0.005
46.0,5.48922125,0.005
47.0,5.48545875,0.005
48.0,5.48169625,0.005
49.0,5.47793375,0.005
50.0,5.474171250000001,0.005
51.0,5.47040875,0.005
52.0,5.46664625,0.005
53.0,5.46288375,0.005
54.0,5.459121250000001,0.005
55.0,5.455358750000001,0.005
56.0,5.45159625,0.005
57.0,5.44783375,0.005000000000000001
58.0,5.4440712499999995,0.004999999999999999
59.0,5.440308750000001,0.005
60.0,5.436546250000001,0.005
61.0,5.4327837500000005,0.005
62.0,5.42902125,0.005
63.0,5.425258749999999,0.005
64.0,5.421496250000001,0.005
65.0,5.417733750000001,0.005
66.0,5.41397125,0.005
67.0,5.41020875,0.005
68.0,5.406446250000001,0.005
69.0,5.40268375,0.005
70.0,5.398921250000001,0.005
71.0,5.39515875,0.005
72.0,5.39139625,0.005
73.0,5.387633749999999,0.005
74.0,5.383871249999999,0.005
75.0,5.380108750000001,0.005
76.0,5.37634625,0.005
77.0,5.3725837499999995,0.005
78.0,5.368821249999999,0.005
79.0,5.365058749999999,0.005
80.0,5.3612962500000005,0.005
81.0,5.35753375,0.005
82.0,5.35377125,0.005
83.0,5.350008750000001,0.005
84.0,5.34624625,0.005
85.0,5.34248375,0.005
86.0,5.33872125,0.005
87.0,5.33495875,0.005
88.0,5.3311962500000005,0.005
89.0,5.32743375,0.005
90.0,5.32367125,0.005
91.0,5.31990875,0.005
92.0,5.31614625,0.005
93.0,5.31238375,0.005
94.0,5.30862125,0.005
95.0,5.30485875,0.005
96.0,5.30109625,0.005
97.0,5.29733375,0.005
98.0,5.29357125,0.005
99.0,5.28980875,0.005
100.0,5.28604625,0.005
101.0,5.2823021825,0.005
102.0,5.278595709999999,0.005
103.0,5.2749279275,0.005
104.0,5.27129993,0.005
105.0,5.2677128125,0.005
106.0,5.264167670000001,0.005
107.0,5.2606655975,0.005
108.0,5.25720769,0.005
109.0,5.2537950425,0.005
110.0,5.25042875,0.005
111.0,5.2471099075000005,0.005
112.0,5.24383961,0.005
113.0,5.240618952500001,0.005
114.0,5.23744903,0.005000000000000001
115.0,5.2343309375,0.005000000000000001
116.0,5.23126577,0.004999999999999999
117.0,5.228254622500001,0.005
118.0,5.22529859,0.005
119.0,5.2223987675,0.005
120.0,5.21955625,0.005
121.0,5.2167721325,0.005
122.0,5.21404751,0.005
123.0,5.211383477500001,0.005
124.0,5.208781129999999,0.005
125.0,5.2062415625,0.005
126.0,5.203765870000001,0.005
127.0,5.2013551475,0.005
128.0,5.19901049,0.005
129.0,5.196732992499999,0.005
130.0,5.19452375,0.005
131.0,5.1923838575,0.005
132.0,5.19031441,0.005
133.0,5.1883165025,0.005
134.0,5.186391230000001,0.005
135.0,5.1845396875,0.005
136.0,5.182762970000001,0.005
137.0,5.1810621725,0.005
138.0,5.1794383900000005,0.005
139.0,5.177892717500001,0.005
140.0,5.1764262500000005,0.005
141.0,5.175040082500001,0.005
142.0,5.17373531,0.005
143.0,5.1725130275,0.005
144.0,5.171374330000001,0.005
145.0,5.1703203125,0.005
146.0,5.16935207,0.005
147.0,5.168470697499999,0.005
148.0,5.167677289999999,0.005
149.0,5.1669729425,0.005
150.0,5.16635875,0.005
151.0,5.1653782775,0.005
152.0,5.164474969999999,0.005
153.0,5.1636497425,0.005
154.0,5.1629035100000005,0.005
155.0,5.1622371875,0.005
156.0,5.16165169,0.005
157.0,5.1611479325000005,0.005
158.0,5.160726830000001,0.005
159.0,5.1603892975,0.005
160.0,5.16013625,0.005
161.0,5.1599686025,0.005
162.0,5.1598872700000005,0.005
163.0,5.1598931675,0.005
164.0,5.159987210000001,0.005
165.0,5.1601703125,0.005
166.0,5.16044339,0.005
167.0,5.1608073575,0.005
168.0,5.16126313,0.005
169.0,5.161811622500001,0.005
170.0,5.162453749999999,0.005
171.0,5.162927515,0.005
172.0,5.16283577,0.005
173.0,5.162816705,0.005
174.0,5.162871010000001,0.005
175.0,5.162999374999999,0.005
176.0,5.16320249,0.005
177.0,5.163481045,0.005
178.0,5.16383573,0.005
179.0,5.1642672350000005,0.005
180.0,5.164776250000001,0.005
181.0,5.1653634649999995,0.005
182.0,5.16602957,0.005
183.0,5.166775255,0.005
184.0,5.16760121,0.005
185.0,5.168508125000001,0.005
186.0,5.169496690000001,0.005
187.0,5.170083732500001,0.005
188.0,5.17000133,0.005
189.0,5.1699753475,0.005
190.0,5.170006250000001,0.005
191.0,5.1700945025000005,0.005
192.0,5.170240570000001,0.005
193.0,5.170444917499999,0.005
194.0,5.17070801,0.005
195.0,5.1710303125,0.005
196.0,5.17141229,0.005
197.0,5.171854407500001,0.005
198.0,5.172357129999999,0.005
199.0,5.1729209224999995,0.005
200.0,5.17354625,0.005
201.0,5.1732235525,0.005000000000000001
202.0,5.172943170000001,0.005
203.0,5.172705417500001,0.005000000000000001
204.0,5.17251061,0.005
205.0,5.1723590625,0.004999999999999999
206.0,5.17225109,0.005
207.0,5.1721870075,0.004999999999999999
208.0,5.172167130000001,0.005
209.0,5.172191772500001,0.004999999999999999
210.0,5.172261250000001,0.005
211.0,5.1723758774999995,0.005
212.0,5.17230277,0.005
213.0,5.171309417500001,0.005
214.0,5.170340210000001,0.005
215.0,5.169395312500001,0.005
216.0,5.16847489,0.005
217.0,5.1675791075,0.005
218.0,5.16670813,0.005
219.0,5.1658621225,0.005
220.0,5.165041250000001,0.005
221.0,5.164245677499999,0.005
222.0,5.16347557,0.005
223.0,5.162443422500001,0.005
224.0,5.16117017,0.005
225.0,5.1599134375,0.005
226.0,5.158673329999999,0.005
227.0,5.1574499524999995,0.005
228.0,5.15624341,0.005000000000000001
229.0,5.1550538075,0.005
230.0,5.15388125,0.005000000000000001
231.0,5.1527258425,0.005
232.0,5.15158769,0.004999999999999999
233.0,5.14969625,0.005
234.0,5.14749625,0.005
235.0,5.14529625,0.005
236.0,5.14309625,0.005
237.0,5.14089625,0.005
238.0,5.138696250000001,0.005
239.0,5.1364962499999995,0.005
240.0,5.13429625,0.005
241.0,5.13209625,0.005
242.0,5.12989625,0.005
243.0,5.1276962500000005,0.005
244.0,5.125496249999999,0.005
245.0,5.12329625,0.005
246.0,5.121096250000001,0.005
247.0,5.11889625,0.005
248.0,5.11669625,0.005
249.0,5.114496249999999,0.005
250.0,5.11229625,0.005
251.0,5.11009625,0.005
252.0,5.10789625,0.005
253.0,5.10569625,0.005
254.0,5.10349625,0.005
255.0,5.10129625,0.005
256.0,5.0990962500000006,0.005
257.0,5.0968962499999995,0.005
258.0,5.09469625,0.005
259.0,5.09249625,0.005
260.0,5.090296250000001,0.005
261.0,5.088096250000001,0.005
262.0,5.085896249999999,0.005
263.0,5.08369625,0.005
264.0,5.08149625,0.005
265.0,5.0792962500000005,0.005
266.0,5.07709625,0.005
267.0,5.074896249999999,0.005
268.0,5.07269625,0.005
269.0,5.070496250000001,0.005
270.0,5.06829625,0.005
271.0,5.066096250000001,0.005
272.0,5.063896249999999,0.005
273.0,5.06169625,0.005
274.0,5.0594962500000005,0.005
275.0,5.05729625,0.005
276.0,5.05509625,0.005
277.0,5.05289625,0.005
278.0,5.05069625,0.005
279.0,5.048496250000001,0.005
280.0,5.046296249999999,0.005
281.0,5.04409625,0.005
282.0,5.04189625,0.005
283.0,5.03969625,0.005
284.0,5.037496250000001,0.005
285.0,5.03529625,0.005
286.0,5.03309625,0.005
287.0,5.03089625,0.005
288.0,5.02869625,0.005
289.0,5.026496250000001,0.005
290.0,5.024296249999999,0.005
291.0,5.02209625,0.005
292.0,5.0198962499999995,0.005
293.0,5.01769625,0.005
294.0,5.015496250000001,0.005
295.0,5.01329625,0.005
296.0,5.01109625,0.005
297.0,5.00889625,0.005
298.0,5.00669625,0.005
299.0,5.004496250000001,0.005
300.0,5.0022962500000006,0.005
301.0,5.00053625,0.005049833887043189
302.0,4.998776250000001,0.005099337748344371
303.0,4.99701625,0.005148514851485149
304.0,4.995256250000001,0.005197368421052632
305.0,4.99349625,0.005245901639344262
306.0,4.991736249999999,0.005294117647058824
307.0,4.989976250000001,0.005342019543973941
308.0,4.98821625,0.0053896103896103895
309.0,4.986456250000001,0.005436893203883495
310.0,4.98469625,0.005483870967741935
311.0,4.98293625,0.005530546623794212
312.0,4.98117625,0.0055769230769230765
313.0,4.97941625,0.005623003194888179
314.0,4.97765625,0.005668789808917198
315.0,4.97589625,0.005714285714285714
316.0,4.97413625,0.005759493670886076
317.0,4.97237625,0.005804416403785489
318.0,4.97061625,0.005849056603773584
319.0,4.968856249999999,0.005893416927899686
320.0,4.96709625,0.0059375
321.0,4.96533625,0.005981308411214953
322.0,4.963576250000001,0.0060248447204968945
323.0,4.96181625,0.006068111455108359
324.0,4.960056250000001,0.006111111111111111
325.0,4.95829625,0.006153846153846154
326.0,4.956536250000001,0.006196319018404908
327.0,4.95477625,0.006238532110091744
328.0,4.953016250000001,0.006280487804878049
329.0,4.95125625,0.006322188449848025
330.0,4.949496249999999,0.006363636363636364
331.0,4.94773625,0.006404833836858006
332.0,4.945976249999999,0.006445783132530121
333.0,4.94421625,0.006486486486486487
334.0,4.942456249999999,0.006526946107784432
335.0,4.94069625,0.006567164179104478
336.0,4.938936249999999,0.006607142857142857
337.0,4.93717625,0.0066468842729970334
338.0,4.93541625,0.006686390532544378
339.0,4.93365625,0.00672566371681416
340.0,4.93189625,0.006764705882352941
341.0,4.930136249999999,0.006803519061583579
342.0,4.92837625,0.006842105263157894
343.0,4.9266162499999995,0.006880466472303207
344.0,4.92485625,0.00691860465116279
345.0,4.9230962499999995,0.006956521739130434
346.0,4.921336250000001,0.006994219653179191
347.0,4.91957625,0.007031700288184438
348.0,4.91781625,0.007068965517241379
349.0,4.9160562500000005,0.0071060171919770775
350.0,4.91429625,0.007142857142857143
351.0,4.9125362500000005,0.0071794871794871795
352.0,4.91077625,0.007215909090909091
353.0,4.9090162500000005,0.007252124645892351
354.0,4.90725625,0.0072881355932203394
355.0,4.905496250000001,0.007323943661971831
356.0,4.90373625,0.007359550561797753
357.0,4.901976250000001,0.007394957983193277
358.0,4.90021625,0.007430167597765364
359.0,4.898456250000001,0.007465181058495821
360.0,4.89669625,0.007500000000000001
361.0,4.894936250000001,0.007534626038781163
362.0,4.89317625,0.007569060773480664
363.0,4.891416250000001,0.007603305785123966
364.0,4.88965625,0.007637362637362638
365.0,4.887896250000001,0.007671232876712329
366.0,4.88613625,0.007704918032786886
367.0,4.88437625,0.00773841961852861
368.0,4.88261625,0.007771739130434783
369.0,4.88085625,0.007804878048780488
370.0,4.87909625,0.00783783783783784
371.0,4.87909185,0.007816738544474395
372.0,4.87908745,0.007795752688172044
373.0,4.87908305,0.007774879356568366
374.0,4.87907865,0.007754117647058824
375.0,4.87907425,0.007733466666666668
376.0,4.87906985,0.007712925531914895
377.0,4.87906545,0.007692493368700266
378.0,4.87906105,0.007672169312169313
379.0,4.87905665,0.0076519525065963075
380.0,4.87905225,0.007631842105263159
381.0,4.87904785,0.0076118372703412075
382.0,4.87904345,0.00759193717277487
383.0,4.87903905,0.007572140992167103
384.0,4.8790346499999995,0.007552447916666667
385.0,4.87903025,0.007532857142857144
386.0,4.87902585,0.00751336787564767
387.0,4.87902145,0.007493979328165375
388.0,4.87901705,0.007474690721649485
389.0,4.87901265,0.007455501285347044
390.0,4.87900825,0.007436410256410258
391.0,4.87900385,0.007417416879795398
392.0,4.878999449999999,0.007398520408163267
393.0,4.87899505,0.007379720101781172
394.0,4.8789906499999995,0.007361015228426396
395.0,4.87898625,0.0073424050632911395
396.0,4.878981850000001,0.007323888888888889
397.0,4.87897745,0.007305465994962217
398.0,4.87897305,0.007287135678391961
399.0,4.87896865,0.007268897243107771
400.0,4.878964249999999,0.007250750000000001
401.0,4.87895985,0.007232693266832918
402.0,4.878955449999999,0.007214726368159205
403.0,4.8789510499999995,0.0071968486352357326
404.0,4.87894665,0.007179059405940595
405.0,4.87894225,0.007161358024691359
406.0,4.87893785,0.007143743842364533
407.0,4.87893345,0.007126216216216218
408.0,4.87892905,0.007108774509803922
409.0,4.87892465,0.007091418092909536
410.0,4.87892025,0.007074146341463416
411.0,4.87891585,0.007056958637469587
412.0,4.87891145,0.00703985436893204
413.0,4.8789070500000005,0.0070228329297820835
414.0,4.878902650000001,0.0070058937198067646
415.0,4.878898250000001,0.006989036144578313
416.0,4.87889385,0.006972259615384616
417.0,4.87888945,0.006955563549160672
418.0,4.87888505,0.006938947368421053
419.0,4.87888065,0.006922410501193318
420.0,4.87887625,0.006905952380952382
421.0,4.87887185,0.00688957244655582
422.0,4.8788674499999996,0.006873270142180095
423.0,4.87886305,0.0068570449172576835
424.0,4.87885865,0.006840896226415095
425.0,4.87885425,0.006824823529411766
426.0,4.87884985,0.0068088262910798135
427.0,4.87884545,0.006792903981264638
428.0,4.87884105,0.0067770560747663555
429.0,4.87883665,0.006761282051282052
430.0,4.878832249999999,0.0067455813953488375
431.0,4.8788278499999995,0.0067299535962877036
432.0,4.87882345,0.006714398148148149
433.0,4.87881905,0.006698914549653581
434.0,4.87881465,0.006683502304147467
435.0,4.87881025,0.006668160919540231
436.0,4.87880585,0.0066528899082568815
437.0,4.87880145,0.006637688787185355
438.0,4.878797049999999,0.006622557077625572
439.0,4.878792649999999,0.006607494305239181
440.0,4.8787882499999995,0.006592500000000001
441.0,4.87878385,0.006577573696145126
442.0,4.87877945,0.006562714932126697
443.0,4.87877505,0.006547923250564335
444.0,4.87877065,0.006533198198198199
445.0,4.87876625,0.006518539325842698
446.0,4.87876185,0.006503946188340808
447.0,4.87875745,0.006489418344519017
448.0,4.87875305,0.006474955357142857
449.0,4.87874865,0.006460556792873052
450.0,4.8787442500000004,0.006446222222222223
451.0,4.87873985,0.006431951219512196
452.0,4.878735450000001,0.006417743362831859
453.0,4.878731050000001,0.006403598233995586
454.0,4.87872665,0.0063895154185022035
455.0,4.87872225,0.006375494505494505
456.0,4.878717849999999,0.006361535087719299
457.0,4.87871345,0.006347636761487966
458.0,4.87870905,0.006333799126637556
459.0,4.8787046499999995,0.006320021786492376
460.0,4.87870025,0.006306304347826088
461.0,4.87869585,0.006292646420824296
462.0,4.87869145,0.006279047619047619
463.0,4.87868705,0.006265507559395249
464.0,4.87868265,0.006252025862068966
465.0,4.87867825,0.0062386021505376355
466.0,4.87867385,0.006225236051502147
467.0,4.87866945,0.006211927194860815
468.0,4.87866505,0.0061986752136752145
469.0,4.8786606500000005,0.006185479744136461
470.0,4.87865625,0.006172340425531915
471.0,4.87865185,0.0061592569002123145
472.0,4.87864745,0.0061462288135593224
473.0,4.87864305,0.0061332558139534895
474.0,4.87863865,0.006120337552742617
475.0,4.87863425,0.006107473684210527
476.0,4.87862985,0.006094663865546219
477.0,4.8786254499999995,0.006081907756813418
478.0,4.87862105,0.006069205020920503
479.0,4.87861665,0.006056555323590815
480.0,4.87861225,0.006043958333333334
481.0,4.87860785,0.006031413721413722
482.0,4.87860345,0.006018921161825726
483.0,4.87859905,0.0060064803312629405
484.0,4.87859465,0.00599409090909091
485.0,4.878590249999999,0.005981752577319589
486.0,4.87858585,0.005969465020576132
487.0,4.8785814499999995,0.00595722792607803
488.0,4.87857705,0.005945040983606559
489.0,4.87857265,0.005932903885480573
490.0,4.87856825,0.005920816326530613
491.0,4.87856385,0.005908778004073321
492.0,4.87855945,0.00589678861788618
493.0,4.878555049999999,0.0058848478701825566
494.0,4.878550649999999,0.0058729554655870455
495.0,4.878546249999999,0.005861111111111112
496.0,4.8785418499999995,0.005849314516129032
497.0,4.87853745,0.005837565392354125
498.0,4.87853305,0.005825863453815262
499.0,4.87852865,0.005814208416833668
500.0,4.87852425,0.005802600000000001
501.0,4.87851985,0.005791037924151698
502.0,4.87851545,0.005779521912350599
503.0,4.87851105,0.005768051689860836
504.0,4.87850665,0.005756626984126985
505.0,4.87850225,0.005745247524752476
506.0,4.8784978500000005,0.005733913043478262
507.0,4.878493450000001,0.005722623274161736
508.0,4.878489050000001,0.005711377952755906
509.0,4.87848465,0.005700176817288802
510.0,4.87848025,0.005689019607843138
511.0,4.87847585,0.005677906066536204
512.0,4.87847145,0.005666835937500001
513.0,4.878467049999999,0.0056558089668615995
514.0,4.87846265,0.005644824902723737
515.0,4.87845825,0.005633883495145632
516.0,4.87845385,0.005622984496124031
517.0,4.87844945,0.005612127659574469
518.0,4.87844505,0.005601312741312742
519.0,4.87844065,0.005590539499036609
520.0,4.87843625,0.005579807692307693
521.0,4.87843185,0.00556911708253359
522.0,4.87842745,0.005558467432950192
523.0,4.87842305,0.005547858508604207
524.0,4.87841865,0.005537290076335878
525.0,4.87841425,0.005526761904761905
526.0,4.87840985,0.005516273764258556
527.0,4.87840545,0.005505825426944972
528.0,4.87840105,0.0054954166666666675
529.0,4.87839665,0.005485047258979207
530.0,4.87839225,0.005474716981132076
531.0,4.878387849999999,0.005464425612052731
532.0,4.878383449999999,0.005454172932330827
533.0,4.8783790499999995,0.005443958724202627
534.0,4.87837465,0.005433782771535581
535.0,4.87837025,0.005423644859813085
536.0,4.87836585,0.005413544776119404
537.0,4.87836145,0.005403482309124768
538.0,4.87835705,0.005393457249070632
539.0,4.87835265,0.0053834693877551024
540.0,4.87834825,0.00537351851851852
541.0,4.87834385,0.005363604436229206
542.0,4.87833945,0.005353726937269374
543.0,4.8783350500000005,0.005343885819521179
544.0,4.87833065,0.005334080882352941
545.0,4.878326250000001,0.005324311926605505
546.0,4.878321850000001,0.005314578754578755
547.0,4.87831745,0.0053048811700182824
548.0,4.87831305,0.00529521897810219
549.0,4.878308649999999,0.005285591985428052
550.0,4.87830425,0.005276
551.0,4.878299849999999,0.005266442831215972
552.0,4.8782954499999995,0.005256920289855073
553.0,4.87829105,0.0052474321880651
554.0,4.87828665,0.0052379783393501815
555.0,4.87828225,0.005228558558558559
556.0,4.87827785,0.005219172661870505
557.0,4.87827345,0.005209820466786356
558.0,4.87826905,0.005200501792114696
559.0,4.87826465,0.0051912164579606445
560.0,4.87826025,0.005181964285714286
561.0,4.87825585,0.005172745098039217
562.0,4.8782514500000005,0.0051635587188612105
563.0,4.87824705,0.005154404973357017
564.0,4.87824265,0.005145283687943263
565.0,4.87823825,0.005136194690265487
566.0,4.87823385,0.00512713780918728
567.0,4.87822945,0.005118112874779542
568.0,4.87822505,0.00510911971830986
569.0,4.87822065,0.005100158172231987
570.0,4.87821625,0.005091228070175439
571.0,4.87821185,0.0050823292469352015
572.0,4.87820745,0.005073461538461539
573.0,4.87820305,0.005064624781849913
574.0,4.87819865,0.005055818815331011
575.0,4.87819425,0.00504704347826087
576.0,4.87818985,0.005038298611111112
577.0,4.87818545,0.005029584055459273
578.0,4.878181049999999,0.005020899653979239
579.0,4.87817665,0.00501224525043178
580.0,4.8781722499999995,0.005003620689655173
581.0,4.87816785,0.004995025817555939
582.0,4.87816345,0.004986460481099657
583.0,4.87815905,0.004977924528301887
584.0,4.87815465,0.0049694178082191785
585.0,4.87815025,0.004960940170940171
586.0,4.878145849999999,0.004952491467576792
587.0,4.878141449999999,0.004944071550255537
588.0,4.878137049999999,0.004935680272108845
589.0,4.8781326499999995,0.004927317487266554
590.0,4.87812825,0.004918983050847458
591.0,4.87812385,0.004910676818950931
592.0,4.87811945,0.004902398648648649
593.0,4.87811505,0.0048941483979763915
594.0,4.87811065,0.004885925925925926
595.0,4.87810625,0.004877731092436975
596.0,4.87810185,0.004869563758389262
597.0,4.87809745,0.004861423785594641
598.0,4.87809305,0.004853311036789298
599.0,4.8780886500000005,0.004845225375626044
600.0,4.878084250000001,0.0048371666666666676
601.0,4.878079850000001,0.004829134775374376
602.0,4.87807545,0.004821129568106313
603.0,4.87807105,0.004813150912106137
604.0,4.87806665,0.004805198675496689
605.0,4.87806225,0.004797272727272727
606.0,4.878057849999999,0.00478937293729373
607.0,4.87805345,0.004781499176276772
608.0,4.8780490499999996,0.004773651315789475
609.0,4.87804465,0.004765829228243022
610.0,4.87804025,0.004758032786885247
611.0,4.87803585,0.004750261865793781
612.0,4.87803145,0.004742516339869282
613.0,4.87802705,0.004734796084828712
614.0,4.87802265,0.0047271009771986975
615.0,4.87801825,0.004719430894308944
616.0,4.87801385,0.004711785714285715
617.0,4.87800945,0.0047041653160453814
618.0,4.87800505,0.004696569579288026
619.0,4.87800065,0.004688998384491115
620.0,4.87799625,0.004681451612903226
621.0,4.87799185,0.004673929146537843
622.0,4.87798745,0.004666430868167203
623.0,4.87798305,0.004658956661316212
624.0,4.87797865,0.004651506410256411
625.0,4.87797425,0.00464408
626.0,4.8779698499999995,0.00463667731629393
627.0,4.87796545,0.004629298245614036
628.0,4.87796105,0.004621942675159236
629.0,4.87795665,0.0046146104928457875
630.0,4.87795225,0.004607301587301588
631.0,4.87794785,0.004600015847860539
632.0,4.87794345,0.0045927531645569624
633.0,4.87793905,0.004585513428120064
634.0,4.87793465,0.0045782965299684545
635.0,4.87793025,0.004571102362204725
636.0,4.8779258500000005,0.004563930817610064
637.0,4.87792145,0.004556781789638933
638.0,4.877917050000001,0.004549655172413793
639.0,4.87791265,0.004542550860719875
640.0,4.87790825,0.0045354687500000004
641.0,4.87790385,0.004528408736349455
642.0,4.877899449999999,0.004521370716510904
643.0,4.87789505,0.004514354587869363
644.0,4.877890649999999,0.004507360248447206
645.0,4.8778862499999995,0.004500387596899225
646.0,4.87788185,0.00449343653250774
647.0,4.87787745,0.004486506955177744
648.0,4.87787305,0.004479598765432099
649.0,4.87786865,0.00447271186440678
650.0,4.87786425,0.0044658461538461544
651.0,4.87785985,0.004459001536098311
652.0,4.87785545,0.00445217791411043
653.0,4.87785105,0.0044453751914241965
654.0,4.87784665,0.0044385932721712545
655.0,4.8778422500000005,0.004431832061068703
656.0,4.87783785,0.004425091463414635
657.0,4.87783345,0.004418371385083715
658.0,4.87782905,0.0044116717325227974
659.0,4.87782465,0.004404992412746586
660.0,4.87782025,0.004398333333333334
661.0,4.87781585,0.004391694402420575
662.0,4.87781145,0.004385075528700907
663.0,4.87780705,0.004378476621417798
664.0,4.87780265,0.004371897590361447
665.0,4.87779825,0.004365338345864662
666.0,4.87779385,0.004358798798798799
667.0,4.87778945,0.0043522788605697155
668.0,4.87778505,0.004345778443113773
669.0,4.87778065,0.004339297458893872
670.0,4.87777625,0.004332835820895523
671.0,4.87777185,0.004326393442622952
672.0,4.87776745,0.004319970238095238
673.0,4.8777630499999995,0.004313566121842497
674.0,4.87775865,0.004307181008902077
675.0,4.87775425,0.0043008148148148155
676.0,4.87774985,0.004294467455621303
677.0,4.87774545,0.004288138847858199
678.0,4.87774105,0.004281828908554573
679.0,4.87773665,0.004275537555228277
680.0,4.877732249999999,0.0042692647058823535
681.0,4.877727849999999,0.004263010279001469
682.0,4.8777234499999995,0.004256774193548388
683.0,4.87771905,0.004250556368960469
684.0,4.87771465,0.0042443567251461995
685.0,4.87771025,0.004238175182481753
686.0,4.87770585,0.00423201166180758
687.0,4.87770145,0.004225866084425036
688.0,4.87769705,0.004219738372093024
689.0,4.87769265,0.004213628447024674
690.0,4.87768825,0.004207536231884058
691.0,4.87768385,0.004201461649782924
692.0,4.8776794500000005,0.004195404624277457
693.0,4.877675050000001,0.00418936507936508
694.0,4.877670650000001,0.0041833429394812684
695.0,4.87766625,0.004177338129496403
696.0,4.87766185,0.0041713505747126445
697.0,4.87765745,0.004165380200860833
698.0,4.87765305,0.004159426934097422
699.0,4.877648649999999,0.004153490701001431
700.0,4.87764425,0.004147571428571429
701.0,4.8776398499999996,0.004141669044222539
702.0,4.87763545,0.0041357834757834765
703.0,4.87763105,0.0041299146514936
704.0,4.87762665,0.004124062500000001
705.0,4.87762225,0.004118226950354611
706.0,4.87761785,0.004112407932011332
707.0,4.87761345,0.004106605374823197
708.0,4.87760905,0.004100819209039548
709.0,4.87760465,0.004095049365303244
710.0,4.87760025,0.004089295774647888
711.0,4.87759585,0.004083558368495078
712.0,4.87759145,0.004077837078651686
713.0,4.87758705,0.004072131837307153
714.0,4.87758265,0.004066442577030813
715.0,4.87757825,0.0040607692307692315
716.0,4.87757385,0.004055111731843576
717.0,4.87756945,0.004049470013947002
718.0,4.87756505,0.004043844011142062
719.0,4.8775606499999995,0.004038233657858137
720.0,4.87755625,0.004032638888888889
721.0,4.87755185,0.004027059639389737
722.0,4.87754745,0.004021495844875347
723.0,4.87754305,0.004015947441217151
724.0,4.87753865,0.004010414364640885
725.0,4.87753425,0.004004896551724139
726.0,4.87752985,0.00399939393939394
727.0,4.877525449999999,0.003993906464924347
728.0,4.87752105,0.003988434065934066
729.0,4.8775166500000005,0.0039829766803840885
730.0,4.87751225,0.003977534246575343
731.0,4.877507850000001,0.003972106703146376
732.0,4.87750345,0.003966693989071039
733.0,4.87749905,0.0039612960436562076
734.0,4.877494649999999,0.0039559128065395095
735.0,4.877490249999999,0.003950544217687075
736.0,4.87748585,0.003945190217391305
737.0,4.877481449999999,0.003939850746268657
738.0,4.8774770499999995,0.003934525745257453
739.0,4.87747265,0.003929215155615697
740.0,4.87746825,0.0039239189189189195
741.0,4.87746385,0.00391863697705803
742.0,4.87745945,0.003913369272237197
743.0,4.87745505,0.003908115746971736
744.0,4.87745065,0.0039028763440860223
745.0,4.87744625,0.00389765100671141
746.0,4.87744185,0.003892439678284183
747.0,4.87743745,0.0038872423025435076
748.0,4.8774330500000005,0.003882058823529412
749.0,4.87742865,0.003876889185580775
750.0,4.87742425,0.003871733333333334
751.0,4.87741985,0.00386659121171771
752.0,4.87741545,0.0038614627659574476
753.0,4.87741105,0.003856347941567066
754.0,4.87740665,0.003851246684350133
755.0,4.87740225,0.0038461589403973513
756.0,4.87739785,0.0038410846560846565
757.0,4.87739345,0.003836023778071335
758.0,4.87738905,0.0038309762532981535
759.0,4.87738465,0.003825942028985508
760.0,4.87738025,0.0038209210526315793
761.0,4.87737585,0.003815913272010513
762.0,4.87737145,0.003810918635170604
763.0,4.87736705,0.0038059370904325036
764.0,4.87736265,0.003800968586387435
765.0,4.8773582499999995,0.0037960130718954254
766.0,4.8773538499999995,0.0037910704960835515
767.0,4.87734945,0.0037861408083441983
768.0,4.87734505,0.0037812239583333335
769.0,4.87734065,0.003776319895968791
770.0,4.87733625,0.003771428571428572
771.0,4.87733185,0.0037665499351491574
772.0,4.87732745,0.0037616839378238347
773.0,4.877323049999999,0.0037568305304010357
774.0,4.877318649999999,0.0037519896640826876
775.0,4.8773142499999995,0.003747161290322581
776.0,4.87730985,0.0037423453608247427
777.0,4.87730545,0.003737541827541828
778.0,4.87730105,0.0037327506426735224
779.0,4.87729665,0.0037279717586649556
780.0,4.87729225,0.003723205128205129
781.0,4.87728785,0.0037184507042253524
782.0,4.87728345,0.0037137084398976986
783.0,4.87727905,0.0037089782886334612
784.0,4.87727465,0.003704260204081633
785.0,4.8772702500000005,0.003699554140127389
786.0,4.877265850000001,0.003694860050890586
787.0,4.877261450000001,0.0036901778907242697
788.0,4.87725705,0.0036855076142131983
789.0,4.87725265,0.0036808491761723705
790.0,4.87724825,0.00367620253164557
791.0,4.877243849999999,0.0036715676359039195
792.0,4.877239449999999,0.003666944444444445
793.0,4.87723505,0.003662332912988651
794.0,4.87723065,0.0036577329974811085
795.0,4.87722625,0.0036531446540880507
796.0,4.87722185,0.00364856783919598
797.0,4.87721745,0.003644002509410289
798.0,4.87721305,0.003639448621553885
799.0,4.87720865,0.003634906132665833
800.0,4.87720425,0.003630375000000001
801.0,4.87719985,0.0036258551810237206
802.0,4.87719545,0.003621346633416459
803.0,4.87719105,0.0036168493150684935
804.0,4.87718665,0.0036123631840796026
805.0,4.87718225,0.0036078881987577647
806.0,4.87717785,0.0036034243176178665
807.0,4.87717345,0.003598971499380422
808.0,4.87716905,0.0035945297029702974
809.0,4.87716465,0.0035900988875154517
810.0,4.87716025,0.003585679012345679
811.0,4.87715585,0.0035812700369913693
812.0,4.8771514499999995,0.0035768719211822664
813.0,4.87714705,0.0035724846248462493
814.0,4.87714265,0.003568108108108109
815.0,4.87713825,0.003563742331288344
816.0,4.87713385,0.0035593872549019613
817.0,4.87712945,0.003555042839657283
818.0,4.87712505,0.0035507090464547684
819.0,4.87712065,0.003546385836385837
820.0,4.877116249999999,0.003542073170731708
821.0,4.87711185,0.0035377710109622414
822.0,4.87710745,0.0035334793187347933
823.0,4.87710305,0.0035291980558930743
824.0,4.877098650000001,0.00352492718446602
825.0,4.87709425,0.003520666666666667
826.0,4.87708985,0.0035164164648910415
827.0,4.87708545,0.0035121765417170502
828.0,4.877081049999999,0.0035079468599033816
829.0,4.87707665,0.00350372738238842
830.0,4.877072249999999,0.003499518072289157
831.0,4.8770678499999995,0.003495318892900121
832.0,4.87706345,0.0034911298076923084
833.0,4.87705905,0.0034869507803121256
834.0,4.87705465,0.0034827817745803364
835.0,4.87705025,0.003478622754491018
836.0,4.87704585,0.0034744736842105264
837.0,4.87704145,0.003470334528076464
838.0,4.87703705,0.0034662052505966593
839.0,4.87703265,0.003462085816448153
840.0,4.87702825,0.003457976190476191
841.0,4.8770238500000005,0.003453876337693223
842.0,4.87701945,0.00344978622327791
843.0,4.87701505,0.00344570581257414
844.0,4.87701065,0.0034416350710900477
845.0,4.87700625,0.003437573964497042
846.0,4.87700185,0.003433522458628842
847.0,4.87699745,0.00342948051948052
848.0,4.87699305,0.0034254481132075473
849.0,4.87698865,0.003421425206124853
850.0,4.87698425,0.003417411764705883
851.0,4.87697985,0.003413407755581669
852.0,4.87697545,0.0034094131455399065
853.0,4.87697105,0.0034054279015240333
854.0,4.87696665,0.003401451990632319
855.0,4.87696225,0.003397485380116959
856.0,4.87695785,0.003393528037383178
857.0,4.87695345,0.0033895799299883318
858.0,4.8769490499999995,0.003385641025641026
859.0,4.8769446499999995,0.003381711292200233
860.0,4.87694025,0.003377790697674419
861.0,4.87693585,0.0033738792102206744
862.0,4.87693145,0.0033699767981438516
863.0,4.87692705,0.003366083429895713
864.0,4.87692265,0.0033621990740740743
865.0,4.87691825,0.003358323699421966
866.0,4.876913849999999,0.00335445727482679
867.0,4.876909449999999,0.003350599769319493
868.0,4.8769050499999995,0.003346751152073733
869.0,4.87690065,0.0033429113924050634
870.0,4.87689625,0.003339080459770115
871.0,4.87689185,0.003335258323765787
872.0,4.87688745,0.003331444954128441
873.0,4.87688305,0.0033276403207331048
874.0,4.87687865,0.003323844393592678
875.0,4.87687425,0.0033200571428571436
876.0,4.87686985,0.003316278538812786
877.0,4.87686545,0.0033125085518814143
878.0,4.8768610500000005,0.0033087471526195905
879.0,4.87685665,0.0033049943117178615
880.0,4.876852250000001,0.0033012500000000004
881.0,4.876847850000001,0.003297514188422248
882.0,4.87684345,0.0032937868480725626
883.0,4.87683905,0.0032900679501698758
884.0,4.876834649999999,0.0032863574660633487
885.0,4.87683025,0.003282655367231639
886.0,4.87682585,0.0032789616252821676
887.0,4.87682145,0.0032752762119503953
888.0,4.87681705,0.0032715990990990996
889.0,4.87681265,0.0032679302587176606
890.0,4.87680825,0.0032642696629213487
891.0,4.87680385,0.0032606172839506177
892.0,4.87679945,0.003256973094170404
893.0,4.87679505,0.0032533370660694293
894.0,4.87679065,0.0032497091722595082
895.0,4.87678625,0.003246089385474861
896.0,4.87678185,0.0032424776785714288
897.0,4.87677745,0.003238874024526199
898.0,4.87677305,0.003235278396436526
899.0,4.87676865,0.0032316907675194666
900.0,4.87676425,0.0032281111111111117
901.0,4.87675985,0.0032245394006659273
902.0,4.87675545,0.003220975609756098
903.0,4.87675105,0.003217419712070875
904.0,4.87674665,0.0032138716814159294
905.0,4.8767422499999995,0.0032103314917127077
906.0,4.87673785,0.0032067991169977927
907.0,4.87673345,0.0032032745314222715
908.0,4.87672905,0.003199757709251102
909.0,4.87672465,0.0031962486248624865
910.0,4.87672025,0.003192747252747253
911.0,4.87671585,0.003189253567508233
912.0,4.87671145,0.0031857675438596495
913.0,4.876707049999999,0.0031822891566265065
914.0,4.87670265,0.003178818380743983
915.0,4.87669825,0.003175355191256831
916.0,4.87669385,0.0031718995633187776
917.0,4.876689450000001,0.0031684514721919306
918.0,4.87668505,0.0031650108932461877
919.0,4.87668065,0.003161577801958651
920.0,4.87667625,0.003158152173913044
921.0,4.876671849999999,0.003154733984799132
922.0,4.876667449999999,0.003151323210412148
923.0,4.8766630499999994,0.0031479198266522214
924.0,4.8766586499999995,0.0031445238095238097
925.0,4.87665425,0.0031411351351351355
926.0,4.87664985,0.0031377537796976247
927.0,4.87664545,0.0031343797195253513
928.0,4.87664105,0.0031310129310344833
929.0,4.87663665,0.003127653390742735
930.0,4.87663225,0.0031243010752688176
931.0,4.87662785,0.0031209559613319016
932.0,4.87662345,0.003117618025751073
933.0,4.87661905,0.003114287245444802
934.0,4.8766146500000005,0.0031109635974304072
935.0,4.876610250000001,0.00310764705882353
936.0,4.876605850000001,0.0031043376068376075
937.0,4.87660145,0.0031010352187833515
938.0,4.87659705,0.0030977398720682305
939.0,4.87659265,0.0030944515441959533
940.0,4.87658825,0.003091170212765958
941.0,4.876583849999999,0.0030878958554729015
942.0,4.87657945,0.0030846284501061575
943.0,4.87657505,0.003081367974549311
944.0,4.87657065,0.0030781144067796615
945.0,4.87656625,0.003074867724867725
946.0,4.87656185,0.0030716279069767445
947.0,4.87655745,0.003068394931362197
948.0,4.87655305,0.0030651687763713084
949.0,4.87654865,0.003061949420442572
950.0,4.87654425,0.0030587368421052634
951.0,4.8765398499999995,0.0030555310199789697
952.0,4.8765354499999995,0.0030523319327731098
953.0,4.87653105,0.003049139559286464
954.0,4.87652665,0.003045953878406709
955.0,4.87652225,0.0030427748691099483
956.0,4.87651785,0.0030396025104602515
957.0,4.87651345,0.0030364367816091958
958.0,4.87650905,0.0030332776617954076
959.0,4.876504649999999,0.0030301251303441086
960.0,4.876500249999999,0.003026979166666667
961.0,4.8764958499999995,0.003023839750260146
962.0,4.87649145,0.0030207068607068614
963.0,4.87648705,0.003017580477673936
964.0,4.87648265,0.0030144605809128634
965.0,4.87647825,0.0030113471502590675
966.0,4.87647385,0.0030082401656314705
967.0,4.87646945,0.0030051396070320583
968.0,4.87646505,0.003002045454545455
969.0,4.87646065,0.002998957688338494
970.0,4.87645625,0.002995876288659794
971.0,4.8764518500000005,0.002992801235839341
972.0,4.87644745,0.0029897325102880663
973.0,4.876443050000001,0.002986670092497431
974.0,4.876438650000001,0.002983613963039015
975.0,4.87643425,0.002980564102564103
976.0,4.87642985,0.002977520491803279
977.0,4.876425449999999,0.0029744831115660186
978.0,4.87642105,0.0029714519427402864
979.0,4.8764166499999995,0.002968426966292135
980.0,4.87641225,0.0029654081632653063
981.0,4.87640785,0.0029623955147808365
982.0,4.87640345,0.0029593890020366605
983.0,4.87639905,0.0029563886063072235
984.0,4.87639465,0.0029533943089430897
985.0,4.87639025,0.0029504060913705587
986.0,4.87638585,0.002947423935091278
987.0,4.87638145,0.0029444478216818647
988.0,4.87637705,0.0029414777327935225
989.0,4.87637265,0.002938513650151669
990.0,4.8763682500000005,0.0029355555555555563
991.0,4.87636385,0.0029326034308779013
992.0,4.87635945,0.0029296572580645164
993.0,4.87635505,0.002926717019133938
994.0,4.87635065,0.002923782696177063
995.0,4.87634625,0.0029208542713567843
996.0,4.87634185,0.0029179317269076312
997.0,4.87633745,0.0029150150451354067
998.0,4.8763330499999995,0.0029121042084168337
999.0,4.87632865,0.0029091991991991996
